date,dove,base,hawk
1997-06-01,7.033904737689573e-60,0.7204898666969723,0.2795101333030258
1997-07-01,3.6506260130945e-79,0.6989813389513012,0.3010186610486972
1997-08-01,2.0991015312595774e-83,0.6537005769756343,0.3462994230243641
1997-09-01,3.117502368169969e-78,0.579175908391251,0.4208240916087473
1997-10-01,1.4001736707932095e-74,0.4242922061767123,0.575707793823286
1997-11-01,6.932937820965471e-150,0.028009155334639133,0.9719908446653591
1997-12-01,2.0145966147733996e-148,0.002073028510440531,0.9979269714895579
1998-01-01,9.790296196257839e-197,6.872608627798971e-05,0.9999312739137204
1998-02-01,4.027686373527109e-205,0.0012566721953436463,0.9987433278046546
1998-03-01,3.88409350693333e-105,0.354706245909899,0.645293754090099
1998-04-01,5.797573960604957e-54,0.8922548492920457,0.10774515070795194
1998-05-01,6.2056994243386355e-43,0.9868052889009834,0.013194711099014362
1998-06-01,1.1886574601990923e-44,0.9981774737184941,0.0018225262815036668
1998-07-01,4.833081902126186e-46,0.9996096093207644,0.00039039067923343074
1998-08-01,5.43626848282588e-51,0.9996699866098365,0.00033001339016127605
1998-09-01,1.4693254974094886e-93,0.9989222298029553,0.0010777701970424258
1998-10-01,5.676043235120062e-103,0.9987059082062093,0.001294091793788568
1998-11-01,2.3512814076806026e-65,0.9995768284651433,0.0004231715348546831
1998-12-01,5.228092676354849e-57,0.9998645092063223,0.00013549079367574494
1999-01-01,1.751276456890642e-34,0.9999610453995684,3.8954600429429734e-05
1999-02-01,2.1452412488913766e-23,0.9999765721621595,2.3427837838408364e-05
1999-03-01,4.909573387269758e-14,0.9999790820898624,2.0917910086317776e-05
1999-04-01,5.004293831806688e-16,0.9999792956974741,2.0704302523272597e-05
1999-05-01,1.5408363561385888e-11,0.9999785962251543,2.1403759435372978e-05
1999-06-01,4.530175482642296e-10,0.9999778648949266,2.2134652053742494e-05
1999-07-01,4.0085305094683953e-10,0.9999778595401179,2.2140059027304323e-05
1999-08-01,9.497691608114671e-11,0.999978087896357,2.191200866409766e-05
1999-09-01,1.3064471451089398e-08,0.9999767088872566,2.32780482699751e-05
1999-10-01,1.1520394974161263e-09,0.9999773332287272,2.266561923119353e-05
1999-11-01,3.171525734163998e-08,0.999975828163397,2.4140121343339845e-05
1999-12-01,1.9687110882610747e-05,0.9999512253656252,2.9087523490001965e-05
2000-01-01,2.8748087266709523e-06,0.999969968474268,2.715671700306167e-05
2000-02-01,7.077643689271213e-05,0.9999006541102826,2.8569452822502863e-05
2000-03-01,0.0012260418003027834,0.9987437977980479,3.016040164718267e-05
2000-04-01,0.00709333160815012,0.9928764466609108,3.022173093721893e-05
2000-05-01,0.02832010931561829,0.9716501391946338,2.9751489745930198e-05
2000-06-01,0.06879995051674909,0.9311745563478131,2.5493135435890504e-05
2000-07-01,0.18415375929472416,0.8158248754765718,2.1365228702055503e-05
2000-08-01,0.3329913304216242,0.6669952767663141,1.3392812059554395e-05
2000-09-01,0.5722513297812435,0.4277418990342094,6.771184545127072e-06
2000-10-01,0.7877089535532489,0.21228884176898596,2.2046777631162275e-06
2000-11-01,0.9315849660693387,0.06841462165617035,4.122744887595222e-07
2000-12-01,0.9876473163291536,0.012352642446681269,4.122416277211017e-08
2001-01-01,0.9988393330192502,0.0011606618074816051,5.1732660619099e-09
2001-02-01,0.9998520418481003,0.00014795744173955554,7.10157803430779e-10
2001-03-01,0.9999548929605627,4.510696500755953e-05,7.442726748437166e-11
2001-04-01,0.9999791147631254,2.0885225832735393e-05,1.1039577923217693e-11
2001-05-01,0.9999874766945647,1.2523301871124858e-05,3.5617813269805666e-12
2001-06-01,0.9999886467607201,1.1353236996712304e-05,2.2808410380671902e-12
2001-07-01,0.9999873706381325,1.262935962705989e-05,2.2379891489042565e-12
2001-08-01,0.9999871984305846,1.2801567043799341e-05,2.369204622791985e-12
2001-09-01,0.9999878450923922,1.2154905546485442e-05,2.058941137427568e-12
2001-10-01,0.9999892880798527,1.071191847601418e-05,1.6689906063614362e-12
2001-11-01,0.999990174465549,9.825533250604057e-06,1.197915041877232e-12
2001-12-01,0.9999916970879581,8.30291106733022e-06,9.723596251710524e-13
2002-01-01,0.9999921033036925,7.896695459376794e-06,8.459481829683908e-13
2002-02-01,0.9999918548688571,8.145130373722862e-06,7.668566494001561e-13
2002-03-01,0.9999922668042196,7.733194983509783e-06,7.947691192856071e-13
2002-04-01,0.9999922510926791,7.748906566913649e-06,7.51816652845677e-13
2002-05-01,0.9999922688578222,7.731141426492341e-06,7.490741519101473e-13
2002-06-01,0.999992319858828,7.680140416771561e-06,7.527967093476161e-13
2002-07-01,0.9999923170117299,7.682987509682427e-06,7.578333219840548e-13
2002-08-01,0.9999922131681878,7.786831068275471e-06,7.411760215484293e-13
2002-09-01,0.9999923091394556,7.690859788417773e-06,7.533208974821139e-13
2002-10-01,0.9999923525984846,7.647400733552612e-06,7.790996321814557e-13
2002-11-01,0.9999921521511009,7.84784800204466e-06,8.942292724001707e-13
2002-12-01,0.9999916368307661,8.363168219603792e-06,1.0115621592122212e-12
2003-01-01,0.9999917298950738,8.270103920303497e-06,1.002951393456546e-12
2003-02-01,0.9999921563621014,7.84363696077604e-06,9.349794189994343e-13
2003-03-01,0.9999918637223288,8.136276655907682e-06,1.0123098025376668e-12
2003-04-01,0.9999913347883224,8.665210422707364e-06,1.2519397577010419e-12
2003-05-01,0.9999905386291329,9.461369281842074e-06,1.5822508999239605e-12
2003-06-01,0.9999899916118002,1.0008385991362338e-05,2.2056547782715154e-12
2003-07-01,0.9999878452282677,1.2154768894326691e-05,2.8352252467142596e-12
2003-08-01,0.9999883650089514,1.1634987692225308e-05,3.353606936836511e-12
2003-09-01,0.9999878037164716,1.2196280242156087e-05,3.2835768161009165e-12
2003-10-01,0.9999883250446676,1.1674952068421768e-05,3.2611484928647122e-12
2003-11-01,0.999988283291485,1.171670542226446e-05,3.08996829161091e-12
2003-12-01,0.9999885010927024,1.149890470590061e-05,2.588685226214106e-12
2004-01-01,0.9999902795194364,9.720478733845862e-06,1.826736545318855e-12
2004-02-01,0.9999914636391947,8.536359540852695e-06,1.2614175844194553e-12
2004-03-01,0.9999918061762892,8.193822650639549e-06,1.0569586945331682e-12
2004-04-01,0.9999917531051555,8.24689377838477e-06,1.0630427372602596e-12
2004-05-01,0.999991449977023,8.550021836803681e-06,1.1370947219181674e-12
2004-06-01,0.9999914026073223,8.5973913767197e-06,1.2978409919459474e-12
2004-07-01,0.9999905127739149,9.487224562311608e-06,1.5199100052072081e-12
2004-08-01,0.9999903537166159,9.646281704821802e-06,1.6763200951676481e-12
2004-09-01,0.9999904937693643,9.506229010392664e-06,1.6225006334104392e-12
2004-10-01,0.9999907988159116,9.20118242667235e-06,1.65913986254158e-12
2004-11-01,0.9999899784152374,1.00215829148255e-05,1.845110210451067e-12
2004-12-01,0.9999897656074562,1.0234389872908906e-05,2.668365193143737e-12
2005-01-01,0.9999863044449294,1.3695551581914654e-05,3.486142635055981e-12
2005-02-01,0.999987690271491,1.2309725504725353e-05,3.0014692735694183e-12
2005-03-01,0.9999909869055664,9.013092793278673e-06,1.6372905563327717e-12
2005-04-01,0.9999920731381727,7.926860837591199e-06,9.867129791084076e-13
2005-05-01,0.9999922707013301,7.729297841226468e-06,8.257389941587034e-13
2005-06-01,0.9999923258266395,7.674172523990052e-06,8.334881063508713e-13
2005-07-01,0.9999917992875041,8.20071150251752e-06,9.903714378406233e-13
2005-08-01,0.9999914625286446,8.537470213723786e-06,1.1389597034404547e-12
2005-09-01,0.9999913114444867,8.688554231232872e-06,1.2793971423189924e-12
2005-10-01,0.9999907936696402,9.206328985157326e-06,1.3720723763103338e-12
2005-11-01,0.9999910605461412,8.939452511860138e-06,1.3445923003922788e-12
2005-12-01,0.9999913597469358,8.640251914471171e-06,1.1471695428607043e-12
2006-01-01,0.9999921010706944,7.898928363764957e-06,9.394000953784342e-13
2006-02-01,0.9999922820936119,7.717905568830102e-06,8.169910293596612e-13
2006-03-01,0.9999923490293795,7.650969841720948e-06,7.763924687418529e-13
2006-04-01,0.9999923492241365,7.650775112914933e-06,7.482571510801301e-13
2006-05-01,0.9999923407743552,7.659224891324612e-06,7.510574784682059e-13
2006-06-01,0.999992290895553,7.709103706249665e-06,7.382233277604637e-13
2006-07-01,0.9999923596032655,7.640395963576356e-06,7.683054447003008e-13
2006-08-01,0.9999923322530209,7.667746197194297e-06,7.794403399520909e-13
2006-09-01,0.9999923275965418,7.672402664721e-06,7.909118593402902e-13
2006-10-01,0.9999922440392736,7.7559598837484e-06,8.40306852801293e-13
2006-11-01,0.9999919867489373,8.013250156760413e-06,9.035525295827229e-13
2006-12-01,0.999992014450106,7.985548957374962e-06,9.342489848650961e-13
2007-01-01,0.9999919274184864,8.072580541980154e-06,9.691965681812814e-13
2007-02-01,0.9999917459512221,8.25404777220679e-06,1.0034646874121229e-12
2007-03-01,0.9999918535478017,8.146451172131811e-06,1.02403245465836e-12
2007-04-01,0.9999916641215674,8.335877341413485e-06,1.0891694111698689e-12
2007-05-01,0.9999913296624698,8.670336373697986e-06,1.1544796950518144e-12
2007-06-01,0.9999915245897246,8.475409198825922e-06,1.0745265777364741e-12
2007-07-01,0.9999921696685563,7.830330542857565e-06,8.986079194076343e-13
2007-08-01,0.9999923560532432,7.64394597872733e-06,7.756236114538114e-13
2007-09-01,0.999992349707707,7.650291537209038e-06,7.534067735222153e-13
2007-10-01,0.9999922918992938,7.708099910995218e-06,7.926754311160399e-13
2007-11-01,0.9999923285503091,7.671448939429175e-06,7.492403643727452e-13
2007-12-01,0.999992348022404,7.651976800992244e-06,7.929251380362799e-13
2008-01-01,0.9999920147543472,7.98524471459938e-06,9.359452107970695e-13
2008-02-01,0.999990398430259,9.601566546483149e-06,3.1922903656410057e-12
2008-03-01,0.9999688536317171,3.114635694448548e-05,1.133651364818121e-11
2008-04-01,0.9999565659174872,4.343389495690479e-05,1.8755413655695557e-10
2008-05-01,0.9995889629890654,0.0004110357638610237,1.2470717219394198e-09
2008-06-01,0.9953430005626613,0.004656985004268654,1.4433068298673041e-08
2008-07-01,0.9741582785862952,0.02584155553282904,1.6588087431967052e-07
2008-08-01,0.8773255940358967,0.12267349074567092,9.152184310041552e-07
2008-09-01,0.46708275897728874,0.5329134173631936,3.8236595166676005e-06
2008-10-01,0.0069826819077885354,0.9930039988061384,1.3319286072237522e-05
2008-11-01,2.1947495854384703e-10,0.9999794344023581,2.0565378166114763e-05
2008-12-01,7.480081346812938e-21,0.9999781831302743,2.1816869725039623e-05
2009-01-01,1.2924681326854589e-32,0.999972174275894,2.7825724105304257e-05
2009-02-01,8.728241785379322e-34,0.9999701289967426,2.9871003256889285e-05
2009-03-01,8.192596302088028e-42,0.9999631712614444,3.68287385551885e-05
2009-04-01,1.8844234567792397e-28,0.9999743464889118,2.5653511087544858e-05
2009-05-01,2.851258368518445e-17,0.9999789500780631,2.104992193632498e-05
2009-06-01,2.0837562282412766e-17,0.9999792147886082,2.078521139128429e-05
2009-07-01,2.50653124873008e-12,0.9999787195261428,2.1280471350241976e-05
2009-08-01,5.307107775103264e-08,0.9999760676880182,2.3879240903644404e-05
2009-09-01,6.304570671782646e-09,0.9999767885382829,2.3205157145920983e-05
2009-10-01,1.0474559898321524e-09,0.9999765911337283,2.340781881523062e-05
2009-11-01,2.0806639436167445e-13,0.9999651720256533,3.4827974138062726e-05
2009-12-01,4.525929516187343e-28,0.9997764749701439,0.00022352502985567777
2010-01-01,3.4990380071174086e-39,0.9974354221264524,0.0025645778735469615
2010-02-01,1.774486991466693e-56,0.9755998537878925,0.024400146212106802
2010-03-01,7.496418912509548e-52,0.8647110494835728,0.13528895051642656
2010-04-01,1.6163593176931587e-124,0.17429573993263484,0.8257042600673649
2010-05-01,6.146382645847964e-154,0.00974696690823853,0.9902530330917613
2010-06-01,1.6747770544874162e-246,3.987129308431291e-06,0.9999960128706913
2010-07-01,0.0,3.4263762959546164e-10,0.9999999996573621
2010-08-01,0.0,9.265504987152672e-12,0.9999999999907343
2010-09-01,0.0,1.164951018863849e-13,0.9999999999998833
2010-10-01,8.526572198436e-312,4.60687440298791e-09,0.9999999953931253
2010-11-01,0.0,1.6481897564120479e-13,0.9999999999998351
2010-12-01,0.0,8.026862149289573e-14,0.9999999999999198
2011-01-01,0.0,9.74963041762584e-13,0.999999999999025
2011-02-01,0.0,2.2527542640370946e-11,0.9999999999774724
2011-03-01,0.0,3.259887816721996e-14,0.9999999999999672
2011-04-01,0.0,2.23342351991548e-18,0.9999999999999999
2011-05-01,0.0,1.0630704841586111e-27,0.9999999999999999
2011-06-01,0.0,6.194483431346359e-32,0.9999999999999999
2011-07-01,0.0,4.3813571608158135e-30,0.9999999999999999
2011-08-01,0.0,2.129142879630585e-31,0.9999999999999999
2011-09-01,0.0,3.7466213300710154e-43,0.9999999999999999
2011-10-01,0.0,1.2105891198268373e-43,0.9999999999999999
2011-11-01,0.0,1.086254274566451e-43,0.9999999999999999
2011-12-01,0.0,1.1492554423703854e-63,0.9999999999999999
2012-01-01,0.0,3.1509799744441586e-102,0.9999999999999999
2012-02-01,0.0,1.1225173206982723e-133,0.9999999999999999
2012-03-01,0.0,1.0853873101073182e-50,0.9999999999999999
2012-04-01,0.0,3.2674252963639623e-68,0.9999999999999999
2012-05-01,0.0,9.576886130526623e-116,0.9999999999999999
2012-06-01,0.0,5.618667154584802e-125,0.9999999999999999
2012-07-01,0.0,1.2984898392054041e-106,0.9999999999999999
2012-08-01,0.0,8.810753828556356e-93,0.9999999999999999
2012-09-01,0.0,4.120156311069532e-65,0.9999999999999999
2012-10-01,0.0,2.863669988536315e-46,0.9999999999999999
2012-11-01,0.0,1.1531885580572664e-42,0.9999999999999999
2012-12-01,0.0,4.302569013004651e-24,0.9999999999999999
2013-01-01,0.0,2.6332130142506933e-15,0.9999999999999972
2013-02-01,0.0,9.501833142813741e-15,0.9999999999999903
2013-03-01,0.0,1.0479747061532412e-16,0.9999999999999999
2013-04-01,0.0,6.571430165545324e-18,1.0
2013-05-01,0.0,2.540978689504054e-10,0.999999999745902
2013-06-01,0.0,2.9066619357205467e-12,0.9999999999970933
2013-07-01,0.0,1.9175570976422592e-13,0.9999999999998082
2013-08-01,0.0,1.45274465595989e-11,0.9999999999854723
2013-09-01,0.0,1.5706836020267885e-11,0.9999999999842931
2013-10-01,7.063688882458501e-289,1.5368306850740236e-08,0.999999984631693
2013-11-01,4.556205753014979e-266,4.815715475371209e-08,0.9999999518428452
2013-12-01,8.740453962611048e-276,2.6545852199194946e-08,0.9999999734541477
2014-01-01,1.98840557842773e-241,1.883263052271157e-07,0.9999998116736947
2014-02-01,1.4094171968387588e-218,6.331949450657828e-07,0.9999993668050549
2014-03-01,1.0337296465103718e-166,1.2218336498207542e-05,0.9999877816635019
2014-04-01,8.400475837190944e-128,7.940156628915757e-05,0.999920598433711
2014-05-01,4.8777369480374075e-144,4.72855309588709e-05,0.9999527144690412
2014-06-01,4.963936229822017e-123,0.00010675012239891177,0.9998932498776012
2014-07-01,1.3778038952498322e-140,4.9913663946067e-05,0.9999500863360542
2014-08-01,2.026914688352113e-149,2.8700630201431394e-05,0.9999712993697988
2014-09-01,6.526243472408709e-142,3.8918117164727135e-05,0.9999610818828356
2014-10-01,3.630405142510678e-242,1.7758464437959852e-07,0.9999998224153559
2014-11-01,3.48277e-319,2.08205106796098e-09,0.9999999979179494
2014-12-01,0.0,1.8730755596389818e-10,0.9999999998126927
2015-01-01,0.0,8.314042266498875e-14,0.9999999999999172
2015-02-01,0.0,8.766573935338116e-15,0.9999999999999917
2015-03-01,0.0,1.343451741863623e-17,1.0000000000000002
2015-04-01,0.0,1.7866784223456957e-23,1.0000000000000002
2015-05-01,0.0,6.0532054685484245e-18,1.0000000000000002
2015-06-01,0.0,8.631117759267099e-19,1.0000000000000002
2015-08-01,0.0,1.6652766425633104e-15,0.9999999999999987
2015-09-01,0.0,1.3791074691285096e-10,0.9999999998620895
2015-10-01,1.6782369067e-314,3.2800669711459927e-09,0.9999999967199331
2015-11-01,9.915560750933376e-280,2.2875429564076637e-08,0.9999999771245706
2015-12-01,0.0,4.665980773263762e-10,0.999999999533402
2016-01-01,0.0,1.4608019786897265e-12,0.9999999999985392
2016-02-01,0.0,2.0707481182307262e-17,1.0
2016-03-01,0.0,2.127519736380967e-13,0.9999999999997873
2016-04-01,0.0,3.0084429436893776e-13,0.9999999999996991
2016-05-01,0.0,1.0795530116326182e-09,0.9999999989204469
2016-06-01,0.0,1.0354580791259682e-10,0.999999999896454
2016-07-01,0.0,3.142389875634289e-11,0.999999999968576
2016-08-01,0.0,1.0983235421780831e-11,0.9999999999890167
2016-09-01,0.0,5.9117960284252015e-12,0.9999999999940883
2016-10-01,0.0,1.0578054890713588e-11,0.9999999999894221
2016-11-01,1.1545062766656359e-302,6.969201942864924e-09,0.9999999930307982
2016-12-01,7.492041406170038e-263,5.89829059664421e-08,0.9999999410170941
2017-01-01,5.270275331007369e-270,3.7233628678431795e-08,0.9999999627663714
2017-02-01,1.74228559463835e-309,3.813606865024165e-09,0.9999999961863932
2017-03-01,1.2094365326808553e-273,3.203538335163893e-08,0.9999999679646168
2017-04-01,2.5134046266567792e-244,1.549220980310938e-07,0.9999998450779021
2017-05-01,1.051456326874209e-176,6.225053522708983e-06,0.9999937749464773
2017-06-01,2.2861241066837206e-173,7.789405048771363e-06,0.9999922105949515
2017-07-01,3.0975256132764065e-135,5.428849668197736e-05,0.9999457115033183
2017-08-01,1.0641754236896122e-152,4.259374398565227e-05,0.9999574062560148
2017-09-01,1.942909373215454e-152,0.0003088124825431361,0.9996911875174573
2017-10-01,1.4357099613759322e-151,0.004536471649509998,0.9954635283504903
2017-11-01,7.539389314589169e-133,0.07205109615143516,0.9279489038485653
2017-12-01,1.4452058887688096e-92,0.49973468785497666,0.5002653121450237
2018-01-01,1.240760953773587e-57,0.8868004227789558,0.11319957722104453
2018-02-01,1.537541155571232e-63,0.9656404316123397,0.03435956838766083
2018-03-01,8.094426332604535e-74,0.9861525039236584,0.013847496076342001
2018-04-01,1.5079692005091935e-66,0.994471257787859,0.005528742212141413
2018-05-01,5.599795740088916e-78,0.9967666218678812,0.0032333781321191996
2018-06-01,9.35938275967055e-88,0.9978098633323014,0.002190136667699073
2018-07-01,2.4648703779628575e-68,0.9988779238523561,0.0011220761476443528
2018-08-01,4.426371620822931e-80,0.9990229678437267,0.0009770321562735636
2018-09-01,2.900636513011489e-76,0.9990502580706808,0.0009497419293194231
2018-10-01,1.1995082291001748e-83,0.9987835493900646,0.0012164506099354969
2018-11-01,1.032098484131813e-89,0.9985031412860632,0.0014968587139369102
2018-12-01,4.0355938800391516e-89,0.9985234741782772,0.0014765258217228606
2019-01-01,2.083749784980866e-88,0.9988104914425495,0.0011895085574505585
2019-02-01,1.2356146245670195e-75,0.99933836899484,0.0006616310051600446
2019-03-01,3.70234740539321e-74,0.9996205015859937,0.00037949841400640493
2019-04-01,1.1405239154224377e-62,0.9998177295017339,0.00018227049826608608
2019-05-01,2.1703149955744555e-64,0.999874201706069,0.0001257982939309452
2019-06-01,4.825714696914038e-46,0.9999447741267351,5.5225873264913514e-05
2019-07-01,3.950656204582568e-33,0.9999687941324708,3.12058675293211e-05
2019-08-01,2.411545184903491e-35,0.9999698702658764,3.012973412357988e-05
2019-09-01,3.592294838943933e-22,0.9999776300901475,2.2369909852582482e-05
2019-10-01,1.4913721324854913e-16,0.9999792296984938,2.0770301505927273e-05
2019-11-01,7.29265825612716e-15,0.9999793352179157,2.066478207693456e-05
2019-12-01,5.5453425892293955e-15,0.9999793386438809,2.0661356113661943e-05
2020-01-01,6.74276265256764e-14,0.9999791928277241,2.0807172208385416e-05
2020-02-01,4.342114909653601e-12,0.9999784172807693,2.158271488851289e-05
2020-03-01,3.812779260502756e-32,0.9999727382617141,2.7261738286050074e-05
2020-04-01,7.83986031408673e-32,0.9999725803039438,2.741969605628926e-05
2020-05-01,1.87127016397978e-30,0.9999739074274561,2.609257254417237e-05
2020-06-01,1.4071171792697775e-15,0.9999789928519384,2.10071480603205e-05
2020-07-01,4.7529227536742936e-14,0.9999792341674518,2.0765832500834337e-05
2020-08-01,4.1958096431641685e-13,0.9999791023299544,2.089766962609781e-05
2020-09-01,4.083993219398199e-13,0.9999790644999199,2.0935499671727878e-05
2020-10-01,1.1324389374084464e-11,0.9999786067057449,2.139328293068548e-05
2020-11-01,9.370276434656713e-10,0.9999775654991199,2.2433563852556016e-05
2020-12-01,2.2611697432274053e-08,0.9999763443013828,2.363308691986389e-05
2021-01-01,3.317595663008219e-08,0.9999760925613272,2.3874262716314437e-05
2021-02-01,1.8868836900812233e-08,0.9999763458413418,2.3635289821498452e-05
2021-03-01,1.1382444989326705e-08,0.9999765169081216,2.347170943351602e-05
2021-04-01,6.756009795811782e-08,0.9999756805316768,2.4251908225352122e-05
2021-05-01,5.506075211242569e-08,0.9999756174799358,2.4327459312144263e-05
2021-06-01,7.871421332859963e-07,0.9999733506531562,2.5862204710673655e-05
2021-07-01,2.4399166853939843e-07,0.9999745264798158,2.522952851593829e-05
2021-08-01,4.0709231897063556e-07,0.9999741290925507,2.5463815130372492e-05
2021-09-01,1.866766339691835e-07,0.999974835220865,2.4978102500884676e-05
2021-10-01,1.795265255312807e-07,0.9999751588165365,2.4661656937607584e-05
2021-11-01,4.708035903822704e-12,0.999978588096524,2.1411898767798225e-05
2021-12-01,3.119261339025506e-14,0.999979228605008,2.0771394960416912e-05
2022-01-01,3.04712427584986e-15,0.999979131245255,2.0868754741869284e-05
2022-02-01,4.6162038573212644e-27,0.9999760676844854,2.3932315514232993e-05
2022-03-01,1.6731726116374343e-27,0.9999757162583173,2.4283741682367674e-05
2022-04-01,3.110673069338255e-23,0.9999771070642448,2.2892935754963466e-05
2022-05-01,3.449812969738631e-34,0.9999711319561772,2.886804382254538e-05
2022-06-01,1.882072066720537e-31,0.9999728465021576,2.715349784206608e-05
2022-07-01,8.901081162640062e-27,0.999975567050957,2.4432949042576486e-05
2022-08-01,6.379688498447291e-30,0.999973667863209,2.633213679048885e-05
2022-09-01,8.910650757874606e-36,0.9999690734593657,3.0926540633748925e-05
2022-10-01,7.11196141044441e-37,0.9999682758050241,3.172419497520773e-05
2022-11-01,4.0214300749738133e-28,0.9999748218689968,2.517813100263896e-05
2022-12-01,4.884202142370555e-23,0.9999776182294526,2.2381770546686266e-05
2023-01-01,3.1735746295885993e-22,0.9999781518860591,2.1848113940356714e-05
2023-02-01,4.987358906565566e-18,0.9999791206010025,2.087939899703754e-05
2023-03-01,2.3643998788738087e-18,0.999979149113324,2.0850886675671615e-05
2023-04-01,1.741903708566762e-17,0.9999792453724645,2.0754627534970973e-05
2023-05-01,1.211322478902445e-13,0.999979085365314,2.0914634564352358e-05
2023-06-01,2.2795447350774653e-09,0.9999774389187569,2.255880169809064e-05
2023-07-01,4.044992623382055e-10,0.9999777755247126,2.2224070787974677e-05
2023-08-01,2.234355643625637e-09,0.9999773673090167,2.2630456627535156e-05
2023-09-01,1.8900568969310385e-10,0.9999780179248041,2.1981886190225875e-05
2023-10-01,3.051285745454835e-11,0.9999783114544507,2.168851503634431e-05
2023-11-01,1.0278450899537303e-08,0.9999766712034611,2.331851808771318e-05
2023-12-01,1.3050995097047905e-07,0.9999751815474185,2.4687942630210517e-05
2024-01-01,5.465909010720342e-07,0.9999737672143995,2.5686194699168237e-05
2024-02-01,5.285242106951399e-07,0.9999736125678506,2.5858907938357183e-05
2024-03-01,3.9752369292786705e-06,0.9999685477901826,2.7476972887879097e-05
2024-04-01,2.5519468936300754e-06,0.9999702563190106,2.7191734095522788e-05
2024-05-01,3.265204268605825e-06,0.9999694899788597,2.7244816871475995e-05
2024-06-01,1.809638941557316e-07,0.9999745549086522,2.5264127453523132e-05
2024-07-01,2.5807228349850965e-06,0.9999704571279582,2.69621492065876e-05
2024-08-01,7.615096217298375e-07,0.9999730153381123,2.6223152265660644e-05
2024-09-01,4.851128070384347e-06,0.9999674602686192,2.7688603310674896e-05
2024-10-01,4.663890762971347e-05,0.9999235513136523,2.9809778718166195e-05
2024-11-01,0.00022204351872961084,0.9997468434788988,3.111300237190995e-05
2024-12-01,0.0007304117975841687,0.9992380663003286,3.152190208746624e-05
2025-01-01,0.002154173438207005,0.9978143452524146,3.1481309378619226e-05
2025-02-01,0.006025490563881441,0.9939439952305682,3.051420555058805e-05
2025-03-01,0.020178860972781293,0.9797919422884275,2.9196738791446453e-05
2025-04-01,0.05474213781848135,0.9452380964618468,1.9765719671954684e-05
2025-05-01,0.3163943690182046,0.6835938841480503,1.1746833744893736e-05
2025-06-01,0.6249690984973095,0.3750261271961756,4.774306514892271e-06
2025-07-01,0.8526143825977754,0.1473840736492645,1.5437529601184933e-06
2025-08-01,0.9542911604621394,0.04570836729806644,4.7223979417498456e-07
2025-09-01,0.9863749907437953,0.013624890997376736,1.1825882815913426e-07
2025-10-01,0.9965308212440404,0.003469156166110458,2.2589849215435217e-08
2025-11-01,0.9993153408109976,0.0006846546484560334,4.540546439724838e-09
2025-12-01,0.9998364427071884,0.0001635557749074637,1.5179038639094435e-09
2026-01-01,0.9998865748795629,0.00011342382618095691,1.2942558795220893e-09
2026-02-01,0.9996355583746943,0.00036443913641360235,2.4888918709520674e-09
2026-03-01,0.9983092703564499,0.0016907202047354874,9.438814331123506e-09
2026-04-01,0.9973946794341172,0.0026052560870609117,6.447882164521095e-08
2026-05-01,0.9964686648940809,0.003530870919657667,4.641862614483177e-07
2026-06-01,0.9931857808680158,0.006808807300127172,5.411831857071433e-06
