date,ITA,ESP,GRC,PRT,DEU,ITA_spread,ESP_spread,GRC_spread,PRT_spread,COMPOSITE_spread
1995-01-01,12.371,11.8622380952381,,11.79,7.5959090909,4.7750909091,4.2663290043380995,,4.194090909099999,4.411836940846033
1995-02-01,12.392,11.59595,,11.7,7.424,4.967999999999999,4.17195,,4.275999999999999,4.471983333333333
1995-03-01,13.453,12.2609090909091,,11.98,7.2773913043,6.175608695699999,4.9835177866091005,,4.7026086957,5.2872450593363665
1995-04-01,13.405,12.0916111111111,,12.17,7.0883333333,6.3166666667,5.0032777778111,,5.0816666667,5.467203703737034
1995-05-01,12.299,11.4114,,11.91,6.8623809524,5.4366190476,4.549019047600001,,5.0476190476000005,5.011085714266667
1995-06-01,12.383,11.5375909090909,,11.89,6.783,5.599999999999999,4.7545909090909,,5.107,5.153863636363632
1995-07-01,12.212,11.334,,11.69,6.8623809524,5.3496190476,4.4716190476,,4.8276190476,4.882952380933333
1995-08-01,11.656,10.9710454545455,,11.31,6.7460869565,4.9099130435000005,4.2249584980455,,4.5639130435,4.566261528348501
1995-09-01,11.544,10.8025714285714,,11.15,6.5852380952,4.9587619048,4.217333333371399,,4.5647619048,4.5802857143238
1995-10-01,11.962,10.8933333333333,,11.22,6.5652380952,5.3967619048,4.328095238133301,,4.654761904800001,4.793206349244434
1995-11-01,11.628,10.54085,,10.74,6.3418181818,5.2861818182,4.199031818200001,,4.3981818182,4.627798484866667
1995-12-01,11.171,9.94972222222222,,10.03,6.0747368421,5.096263157899999,3.8749853801222205,,3.9552631578999993,4.308837231974073
1996-01-01,10.432,9.464318181818179,,9.44,5.8872727273,4.5447272727,3.5770454545181787,,3.5527272726999994,3.8914999999727264
1996-02-01,10.519,9.704619047619047,,9.45,6.2042857143,4.3147142857,3.5003333333190474,,3.245714285699999,3.686920634906349
1996-03-01,10.688,9.8933,,9.46,6.4452380952,4.242761904800001,3.4480619048000003,,3.014761904800001,3.568528571466667
1996-04-01,10.339,9.323,,9.06,6.377,3.9620000000000006,2.9460000000000006,,2.6830000000000007,3.1970000000000005
1996-05-01,9.696,9.17065,,8.97,6.446,3.25,2.7246500000000005,,2.524000000000001,2.8328833333333336
1996-06-01,9.57,9.10875,,8.88,6.5589473684,3.0110526316,2.5498026316000004,,2.3210526316000006,2.6273026316000005
1996-07-01,9.428,8.775869565217391,,8.71,6.4786956522,2.949304347800001,2.2971739130173914,,2.231304347800001,2.4925942028724646
1996-08-01,9.484,8.861714285714289,,8.71,6.3022727273,3.1817272727,2.5594415584142887,,2.4077272727000008,2.71629870127143
1996-09-01,9.168,8.43571428571429,,8.32,6.2266666667,2.9413333332999994,2.2090476190142905,,2.0933333333000004,2.4145714285380966
1996-10-01,8.233,7.760130434782609,,7.59,6.0086363636,2.2243636364000006,1.7514940711826092,,1.5813636363999999,1.8524071146608698
1996-11-01,7.693,7.3421,,7.17,5.8595238095,1.8334761904999999,1.4825761905000006,,1.3104761905000002,1.5421761905000002
1996-12-01,7.565,6.997368421052631,,6.95,5.79,1.7750000000000004,1.2073684210526308,,1.1600000000000001,1.3807894736842103
1997-01-01,7.375,6.83133333333333,,6.72,5.8040909091,1.5709090908999999,1.0272424242333296,,0.9159090908999996,1.171353535344443
1997-02-01,7.363,6.74085,,6.66,5.5445,1.8185000000000002,1.1963499999999998,,1.1155,1.3767833333333332
1997-03-01,7.869,7.03173684210526,,6.87,5.7152631579,2.1537368421,1.3164736842052598,,1.1547368421000002,1.5416491228017533
1997-04-01,7.737,6.95290909090909,,6.8,5.8668181818,1.8701818181999998,1.0860909091090898,,0.9331818181999996,1.2964848485030298
1997-05-01,7.32,6.61442105263158,,6.49,5.7611111111,1.5588888889000003,0.8533099415315801,,0.7288888889000003,1.0470292397771936
1997-06-01,7.066,6.4673809523809505,9.15,6.41,5.7185714286,1.3474285714,0.7488095237809507,3.4314285714000006,0.6914285714000004,0.9292222221936504
1997-07-01,6.518,6.21213636363636,9.42,6.26,5.5565217391,0.9614782608999999,0.6556146245363603,3.8634782609,0.7034782608999999,0.7735237154454534
1997-08-01,6.658,6.3049,9.62,6.35,5.66,0.9980000000000002,0.6448999999999998,3.959999999999999,0.6899999999999995,0.7776333333333332
1997-09-01,6.356,6.0867619047619,9.43,6.13,5.5927272727,0.7632727272999995,0.4940346320618998,3.8372727272999994,0.5372727272999995,0.5981933622206329
1997-10-01,6.197,5.9752173913043505,9.3,5.98,5.5781818182,0.6188181818,0.39703557310435045,3.7218181818000007,0.4018181818000004,0.47255731223478364
1997-11-01,6.133,5.95715,10.76,5.96,5.5565,0.5765000000000002,0.4006500000000006,5.2035,0.4035000000000002,0.460216666666667
1997-12-01,5.738,5.643619047619049,10.48,5.67,5.3273684211,0.41063157890000035,0.3162506265190492,5.1526315789,0.34263157889999984,0.3565045947730165
1998-01-01,5.434,5.39705,11.03,5.4,5.1123809524,0.3216190476000005,0.28466904760000045,5.9176190476,0.2876190476000007,0.29796904760000054
1998-02-01,5.375,5.2353,11.03,5.32,4.989,0.3860000000000001,0.24629999999999974,6.0409999999999995,0.3310000000000004,0.3211000000000001
1998-03-01,5.198,5.08585714285714,9.27,5.25,4.8995454545,0.2984545455000003,0.18631168835714007,4.3704545454999995,0.3504545454999999,0.2784069264523801
1998-04-01,5.146,5.06345,8.11,5.17,4.902,0.24399999999999977,0.16144999999999943,3.2079999999999993,0.2679999999999998,0.224483333333333
1998-05-01,5.208,5.13010526315789,7.85,5.18,4.9647368421,0.24326315790000042,0.16536842105788985,2.8852631579,0.21526315789999995,0.2079649122859634
1998-06-01,5.079,5.01922727272727,7.74,5.06,4.7985,0.28049999999999997,0.22072727272727022,2.9415000000000004,0.26149999999999984,0.2542424242424233
1998-07-01,4.97,4.9394347826087,7.67,4.95,4.6847826087,0.2852173912999998,0.2546521739087,2.9852173913,0.2652173913000002,0.26836231883623335
1998-08-01,4.787,4.74095238095238,7.56,4.76,4.4252380952,0.3617619047999998,0.3157142857523798,3.1347619047999995,0.3347619047999997,0.3374126984507931
1998-09-01,4.526,4.474454545454551,8.25,4.46,4.0609090909,0.4650909090999997,0.4135454545545505,4.1890909091,0.3990909090999999,0.42590909091818335
1998-10-01,4.486,4.42795238095238,8.45,4.43,4.0645454545,0.4214545454999996,0.36340692645238004,4.385454545499999,0.36545454549999956,0.3834386724841264
1998-11-01,4.384,4.40568421052632,7.65,4.43,4.1204761905,0.26352380950000054,0.28520802002632006,3.5295238095000006,0.3095238094999999,0.2860852130087735
1998-12-01,3.995,4.07565,7.17,4.12,3.8635,0.13149999999999995,0.21215000000000028,3.3064999999999998,0.25649999999999995,0.20005000000000006
1999-01-01,3.922,3.8801052631578896,6.3,3.9,3.702,0.2200000000000002,0.17810526315788966,2.598,0.19799999999999995,0.19870175438596327
1999-02-01,4.054,4.02225,6.0,4.02,3.849,0.20500000000000007,0.17324999999999946,2.151,0.17099999999999937,0.18308333333333296
1999-03-01,4.271,4.2543913043478305,5.7,4.24,4.037826087,0.2331739129999999,0.21656521734783052,1.6621739130000002,0.2021739130000002,0.2173043477826102
1999-04-01,4.11,4.08635,5.63,4.13,3.85,0.26000000000000023,0.23635000000000028,1.7799999999999998,0.2799999999999998,0.2587833333333334
1999-05-01,4.279,4.2742380952381,5.51,4.32,4.0121052632,0.2668947368000003,0.2621328320381,1.4978947368000002,0.3078947368000007,0.278974101879367
1999-06-01,4.615,4.600090909090911,5.75,4.66,4.3604761905,0.2545238095000002,0.23961471859091077,1.3895238095,0.2995238095000001,0.2645541125303037
1999-07-01,4.938,4.9112727272727295,6.07,4.99,4.6763636364,0.2616363636000001,0.23490909087272982,1.3936363636000006,0.3136363636000006,0.2700606060242435
1999-08-01,5.134,5.1734090909090895,6.32,5.22,4.8790909091,0.2549090909,0.2943181818090892,1.4409090909,0.34090909089999943,0.29671212120302953
1999-09-01,5.282,5.31486363636364,6.31,5.41,5.0404545455,0.24154545449999976,0.2744090908636396,1.2695454544999993,0.36954545449999987,0.2951666666212131
1999-10-01,5.521,5.564,6.65,5.62,5.2923809524,0.22861904759999963,0.2716190475999998,1.3576190476,0.3276190475999998,0.2759523809333331
1999-11-01,5.246,5.27990909090909,6.28,5.36,5.04,0.2060000000000004,0.23990909090908996,1.2400000000000002,0.3200000000000003,0.2553030303030302
1999-12-01,5.36,5.36685714285714,6.08,5.46,5.1476190476,0.2123809524000002,0.21923809525713978,0.9323809524,0.31238095239999986,0.24800000001904662
2000-01-01,5.748,5.75747619047619,6.6,5.81,5.5395238095,0.20847619049999988,0.21795238097618963,1.0604761904999993,0.27047619049999927,0.23230158732539627
2000-02-01,5.726,5.73147619047619,6.49,5.78,5.5085714286,0.21742857140000016,0.22290476187619035,0.9814285714000004,0.27142857140000043,0.237253968225397
2000-03-01,5.577,5.550130434782609,6.24,5.61,5.3330434783,0.24395652170000037,0.21708695648260967,0.9069565217000006,0.27695652170000074,0.24599999996087027
2000-04-01,5.466,5.45211111111111,6.11,5.52,5.2255555556,0.24044444440000046,0.22655555551111028,0.8844444444000006,0.29444444439999984,0.2538148147703702
2000-05-01,5.665,5.62659090909091,6.22,5.68,5.3781818182,0.2868181818000002,0.24840909089091046,0.8418181817999999,0.30181818179999986,0.27901515149697015
2000-06-01,5.51,5.454954545454551,6.06,5.54,5.1913636364,0.3186363635999996,0.2635909090545505,0.8686363635999994,0.34863636359999983,0.31028787875151664
2000-07-01,5.591,5.53414285714286,6.08,5.61,5.2661904762,0.32480952379999994,0.26795238094285967,0.8138095237999998,0.34380952380000007,0.31219047618095325
2000-08-01,5.563,5.50059090909091,6.04,5.57,5.2104347826,0.3525652173999996,0.2901561264909098,0.8295652173999999,0.35956521740000014,0.33409552043030316
2000-09-01,5.632,5.55914285714286,6.05,5.63,5.2633333333,0.36866666669999937,0.29580952384285997,0.7866666666999995,0.3666666666999996,0.34371428574761964
2000-10-01,5.578,5.494666666666671,5.97,5.58,5.2071428571,0.37085714290000027,0.2875238095666708,0.7628571428999997,0.37285714290000005,0.34374603178889035
2000-11-01,5.548,5.44563636363636,5.87,5.53,5.1536363636,0.3943636363999996,0.2920000000363592,0.7163636363999997,0.3763636363999998,0.3542424242787862
2000-12-01,5.298,5.20347368421053,5.54,5.28,4.8905263158,0.4074736842000002,0.31294736841052995,0.6494736842000002,0.3894736842000004,0.36996491227017686
2001-01-01,5.183,5.07690909090909,5.35,5.16,4.8031818182,0.37981818180000015,0.27372727270909003,0.5468181818,0.35681818180000047,0.3367878787696969
2001-02-01,5.184,5.11675,5.35,5.14,4.7775,0.4065000000000003,0.33924999999999983,0.5724999999999998,0.3624999999999998,0.36941666666666667
2001-03-01,5.13,5.040909090909089,5.28,5.09,4.6677272727,0.46227272730000024,0.3731818182090896,0.6122727273000006,0.4222727273000002,0.41924242426969666
2001-04-01,5.282,5.17952631578947,5.39,5.27,4.8278947368,0.4541052631999998,0.35163157898946995,0.5621052631999994,0.4421052631999993,0.41594736846315633
2001-05-01,5.449,5.36318181818182,5.54,5.42,5.0468181818,0.4021818181999999,0.3163636363818201,0.49318181820000007,0.37318181819999996,0.3639090909272733
2001-06-01,5.399,5.32657142857143,5.48,5.38,5.0,0.399,0.3265714285714303,0.4800000000000004,0.3799999999999999,0.3685238095238101
2001-07-01,5.416,5.34786363636364,5.52,5.39,5.0159090909,0.4000909091000002,0.3319545454636401,0.5040909090999994,0.37409090909999954,0.3687121212212133
2001-08-01,5.215,5.15578260869565,5.33,5.19,4.8239130435,0.3910869564999997,0.3318695651956496,0.5060869564999999,0.3660869565000002,0.3630144927318832
2001-09-01,5.196,5.13845,5.31,5.17,4.813,0.383,0.32545,0.4969999999999999,0.3570000000000002,0.3551500000000001
2001-10-01,4.964,4.90895652173913,5.07,4.92,4.5995652174,0.36443478260000006,0.30939130433912965,0.47043478259999993,0.3204347825999996,0.33142028984637645
2001-11-01,4.8,4.76072727272727,4.9,4.76,4.4477272727,0.3522727272999999,0.31300000002727035,0.45227272730000045,0.3122727272999999,0.32584848487575674
2001-12-01,5.047,4.96777777777778,5.13,5.01,4.7358823529,0.3111176470999997,0.2318954248777798,0.39411764709999986,0.27411764709999975,0.27237690635925976
2002-01-01,5.142,5.04531818181818,5.23,5.08,4.8627272727,0.2792727273000004,0.1825909091181801,0.3672727273000005,0.21727272730000013,0.22637878790606022
2002-02-01,5.199,5.10645,5.31,5.15,4.9195,0.27949999999999964,0.1869499999999995,0.3904999999999994,0.23050000000000015,0.23231666666666642
2002-03-01,5.411,5.3363,5.51,5.39,5.161,0.25,0.1753,0.3490000000000002,0.2290000000000001,0.21810000000000004
2002-04-01,5.404,5.33566666666667,5.51,5.39,5.1552380952,0.24876190480000027,0.18042857146667046,0.35476190480000014,0.23476190480000003,0.2213174603555569
2002-05-01,5.406,5.361409090909089,5.52,5.4,5.1677272727,0.23827272730000004,0.19368181820908958,0.3522727272999999,0.2322727273000007,0.22140909093636343
2002-06-01,5.255,5.2311,5.36,5.26,5.0175,0.23749999999999982,0.21359999999999957,0.34250000000000025,0.24249999999999972,0.2311999999999997
2002-07-01,5.109,5.068956521739129,5.21,5.12,4.8673913043,0.2416086957000001,0.20156521743912936,0.3426086957000001,0.2526086957000002,0.23192753627970988
2002-08-01,4.828,4.777727272727271,4.95,4.85,4.5895454545,0.23845454550000067,0.18818181822727098,0.36045454550000056,0.2604545455,0.22903030307575722
2002-09-01,4.618,4.57595238095238,4.73,4.63,4.3852380952,0.23276190480000025,0.1907142857523798,0.34476190480000035,0.24476190479999982,0.22274603178412664
2002-10-01,4.757,4.625,4.79,4.7,4.4639130435,0.29308695649999983,0.16108695650000016,0.3260869565000002,0.23608695650000033,0.2300869565000001
2002-11-01,4.735,4.602285714285711,4.76,4.65,4.4776190476,0.25738095240000014,0.12466666668571058,0.2823809523999996,0.17238095240000018,0.1848095238285703
2002-12-01,4.548,4.425526315789471,4.58,4.45,4.3355555556,0.2124444444,0.08997076018947059,0.24444444440000002,0.11444444440000012,0.13895321632982358
2003-01-01,4.375,4.239409090909089,4.43,4.27,4.18,0.19500000000000028,0.059409090909089635,0.25,0.08999999999999986,0.11480303030302992
2003-02-01,4.157,4.01075,4.24,4.04,3.955,0.20199999999999996,0.055749999999999744,0.28500000000000014,0.08499999999999996,0.1142499999999999
2003-03-01,4.185,4.0352380952381,4.26,4.08,4.0004761905,0.1845238094999999,0.034761904738100036,0.2595238095000001,0.07952380950000038,0.09960317457936678
2003-04-01,4.312,4.1884,4.38,4.18,4.147,0.16500000000000004,0.04139999999999944,0.23299999999999965,0.032999999999999474,0.07979999999999965
2003-05-01,4.035,3.8766666666666705,4.02,3.91,3.8152380952,0.21976190480000035,0.06142857146667069,0.20476190479999978,0.09476190480000035,0.12531746035555713
2003-06-01,3.822,3.68814285714286,3.81,3.77,3.6166666667,0.20533333330000003,0.0714761904428598,0.19333333330000002,0.15333333329999999,0.14338095234761994
2003-07-01,4.132,4.0312173913043505,4.12,4.1,3.9726086957,0.1593913042999997,0.05860869560435056,0.14739130430000014,0.12739130429999967,0.11513043473478331
2003-08-01,4.293,4.191380952380951,4.29,4.26,4.13,0.16300000000000026,0.06138095238095076,0.16000000000000014,0.1299999999999999,0.11812698412698364
2003-09-01,4.314,4.209,4.32,4.29,4.1713636364,0.14263636360000032,0.03763636359999989,0.14863636360000054,0.1186363636000003,0.09963636360000017
2003-10-01,4.382,4.26865217391304,4.38,4.36,4.2213043478,0.16069565219999937,0.04734782611303956,0.1586956521999996,0.13869565220000002,0.11557971017101298
2003-11-01,4.511,4.39835,4.51,4.48,4.353,0.15800000000000036,0.04535,0.15700000000000003,0.12700000000000067,0.11011666666666702
2003-12-01,4.459,4.33931578947368,4.45,4.4,4.2910526316,0.16794736839999924,0.04826315787367985,0.1589473683999998,0.10894736839999997,0.10838596489122636
2004-01-01,4.317,4.1915714285714305,4.37,4.25,4.170952381,0.14604761899999996,0.020619047571430293,0.1990476189999999,0.07904761899999979,0.08190476185714335
2004-02-01,4.343,4.14815,4.35,4.19,4.11,0.23299999999999965,0.038149999999999906,0.23999999999999932,0.08000000000000007,0.11704999999999988
2004-03-01,4.169,4.01169565217391,4.17,4.0,3.9134782609,0.25552173909999976,0.09821739127391016,0.2565217391000001,0.08652173910000016,0.14675362315797003
2004-04-01,4.351,4.19905,4.35,4.25,4.097,0.25399999999999956,0.10204999999999931,0.2529999999999992,0.15299999999999958,0.16968333333333283
2004-05-01,4.493,4.3343809523809504,4.49,4.42,4.2533333333,0.2396666667000007,0.08104761908095082,0.23666666670000058,0.1666666667000003,0.1624603174936506
2004-06-01,4.544,4.39018181818182,4.55,4.47,4.3127272727,0.23127272729999948,0.07745454548182007,0.2372727272999997,0.15727272729999964,0.1553333333606064
2004-07-01,4.44,4.2815,4.44,4.35,4.2368181818,0.20318181820000003,0.044681818199999945,0.20318181820000003,0.11318181819999928,0.12034848486666642
2004-08-01,4.277,4.15109090909091,4.28,4.18,4.0804545455,0.19654545449999983,0.07063636359090975,0.19954545449999994,0.09954545449999941,0.12224242419696967
2004-09-01,4.251,4.08245454545455,4.22,4.12,4.0163636364,0.23463636359999995,0.06609090905454984,0.20363636359999937,0.10363636359999973,0.13478787875151652
2004-10-01,4.129,3.9654285714285695,4.11,3.99,3.8947619048,0.23423809519999939,0.07066666662856935,0.21523809520000015,0.09523809520000004,0.13338095234285627
2004-11-01,4.0,3.85086363636364,3.97,3.86,3.7804545455,0.21954545449999996,0.07040909086363989,0.18954545450000015,0.07954545449999983,0.12316666662121323
2004-12-01,3.792,3.64334782608696,3.77,3.64,3.5795238095,0.21247619049999988,0.06382401658696013,0.1904761905000001,0.06047619050000019,0.1122587991956534
2005-01-01,3.711,3.59095238095238,3.69,3.56,3.5647619048,0.14623809519999975,0.026190476152379905,0.12523809519999984,-0.00476190480000005,0.055888888850793204
2005-02-01,3.678,3.58065,3.69,3.55,3.544,0.1339999999999999,0.03664999999999985,0.1459999999999999,0.005999999999999783,0.05888333333333318
2005-03-01,3.837,3.7334285714285698,3.92,3.7,3.6961904762,0.14080952380000022,0.0372380952285698,0.22380952379999997,0.003809523800000214,0.06061904760952341
2005-04-01,3.653,3.52928571428571,3.76,3.5,3.4823809524,0.17061904760000024,0.04690476188571013,0.2776190476,0.017619047600000215,0.07838095236190352
2005-05-01,3.553,3.35968181818182,3.6,3.35,3.3040909091,0.2489090908999998,0.05559090908182007,0.29590909089999995,0.04590909089999995,0.11680303029393994
2005-06-01,3.405,3.18540909090909,3.44,3.19,3.1263636364,0.2786363636,0.059045454509090156,0.31363636360000013,0.06363636360000013,0.13377272723636344
2005-07-01,3.438,3.2194761904761906,3.46,3.35,3.2057142857,0.2322857143000001,0.013761904776190548,0.2542857142999999,0.14428571430000003,0.1301111111253969
2005-08-01,3.449,3.23126086956522,3.47,3.39,3.2326086957,0.21639130429999964,-0.001347826134780128,0.2373913043,0.15739130429999992,0.12414492748840648
2005-09-01,3.287,3.08836363636364,3.3,3.23,3.0677272727,0.21927272729999991,0.02063636366364019,0.23227272729999981,0.16227272729999997,0.13406060608788004
2005-10-01,3.444,3.2725238095238094,3.45,3.39,3.2385714286,0.20542857140000015,0.03395238092380959,0.21142857140000038,0.15142857140000032,0.13026984124127003
2005-11-01,3.655,3.47659090909091,3.67,3.58,3.4481818182,0.20681818179999967,0.028409090890909816,0.2218181817999998,0.13181818179999993,0.12234848483030314
2005-12-01,3.553,3.36857142857143,3.57,3.46,3.3376190476,0.21538095239999988,0.03095238097143005,0.23238095239999979,0.12238095239999991,0.12290476192380995
2006-01-01,3.544,3.33059090909091,3.6,3.45,3.3213636364,0.22263636359999994,0.009227272690909949,0.2786363636,0.12863636360000008,0.12016666663030333
2006-02-01,3.697,3.4829,3.77,3.6,3.4725,0.22449999999999992,0.010399999999999743,0.2974999999999999,0.12749999999999995,0.12079999999999987
2006-03-01,3.923,3.64891304347826,3.95,3.77,3.6373913043,0.28560869570000014,0.011521739178260049,0.31260869570000027,0.1326086957000001,0.1432463768594201
2006-04-01,4.222,3.9188888888888895,4.23,4.03,3.895,0.3270000000000004,0.023888888888889515,0.3350000000000004,0.13500000000000023,0.1619629629629634
2006-05-01,4.285,3.98631818181818,4.3,4.07,3.9627272727,0.3222727273000001,0.023590909118179848,0.3372727272999998,0.10727272730000026,0.15104545457272675
2006-06-01,4.295,3.98818181818182,4.31,4.1,3.9604545455,0.33454545449999973,0.027727272681819848,0.3495454544999994,0.13954545449999944,0.16727272722727302
2006-07-01,4.306,4.02390476190476,4.33,4.14,4.01,0.29600000000000026,0.013904761904759866,0.3200000000000003,0.1299999999999999,0.14663492063492
2006-08-01,4.171,3.8925652173913,4.19,4.06,3.8839130435,0.28708695650000005,0.008652173891299686,0.3060869565000002,0.1760869564999994,0.1572753622970997
2006-09-01,4.036,3.7632857142857103,4.06,3.93,3.7538095238,0.2821904761999994,0.009476190485710134,0.3061904761999994,0.17619047619999995,0.15595238096190314
2006-10-01,4.07,3.8129090909090895,4.08,3.98,3.7877272727,0.2822727273000001,0.02518181820908927,0.29227272729999987,0.19227272729999978,0.1665757576030297
2006-11-01,3.97,3.747,3.98,3.89,3.7140909091,0.25590909090000036,0.03290909090000005,0.26590909090000014,0.1759090909000003,0.15490909090000024
2006-12-01,4.038,3.81626315789474,4.04,3.96,3.7705263158,0.26747368420000006,0.04573684209473994,0.26947368419999984,0.18947368419999977,0.16756140349824658
2007-01-01,4.263,4.07245454545455,4.28,4.18,4.0168181818,0.24618181820000018,0.05563636365455071,0.26318181820000053,0.1631818182,0.15500000001818362
2007-02-01,4.28,4.1108,4.3,4.19,4.049,0.23099999999999987,0.061799999999999855,0.25099999999999945,0.14100000000000001,0.14459999999999992
2007-03-01,4.176,4.00868181818182,4.2,4.1,3.9409090909,0.2350909091000002,0.06777272728182027,0.2590909091000002,0.15909090909999968,0.15398484849394004
2007-04-01,4.37,4.20873684210526,4.4,4.3,4.1521052632,0.21789473679999993,0.05663157890526005,0.24789473680000018,0.14789473679999965,0.1408070175017532
2007-05-01,4.49,4.336285714285711,4.51,4.44,4.279047619,0.21095238100000024,0.05723809528571078,0.23095238099999982,0.16095238100000042,0.14304761909523714
2007-06-01,4.772,4.6202857142857106,4.8,4.74,4.5604761905,0.21152380950000005,0.05980952378571036,0.23952380949999963,0.17952380950000002,0.15028571426190349
2007-07-01,4.76,4.596227272727271,4.79,4.73,4.505,0.2549999999999999,0.09122727272727094,0.28500000000000014,0.22500000000000053,0.19040909090909044
2007-08-01,4.584,4.39813043478261,4.62,4.55,4.2965217391,0.2874782608999995,0.10160869568260988,0.3234782609,0.2534782608999997,0.21418840582753637
2007-09-01,4.574,4.354,4.56,4.5,4.226,0.34799999999999986,0.1280000000000001,0.33399999999999963,0.274,0.25
2007-10-01,4.591,4.37834782608696,4.58,4.52,4.2826086957,0.3083913043000006,0.0957391303869608,0.2973913043000005,0.2373913043,0.21384057966232048
2007-11-01,4.449,4.24786363636364,4.43,4.36,4.0890909091,0.35990909089999956,0.15877272726363945,0.34090909089999943,0.27090909090000004,0.2631969696878797
2007-12-01,4.538,4.34770588235294,4.53,4.47,4.2058823529,0.33211764710000047,0.14182352945294063,0.32411764710000046,0.26411764709999996,0.24601960788431368
2008-01-01,4.399,4.18272727272727,4.4,4.31,4.0277272727,0.37127272730000005,0.15500000002727,0.3722727273000004,0.28227272729999964,0.2695151515424232
2008-02-01,4.354,4.14409523809524,4.36,4.27,3.9528571429,0.40114285709999997,0.1912380951952395,0.4071428571000002,0.31714285709999945,0.3031746031317463
2008-03-01,4.377,4.117631578947369,4.42,4.36,3.7994736842,0.5775263157999997,0.31815789474736933,0.6205263157999998,0.5605263158000002,0.4854035087824564
2008-04-01,4.532,4.3102727272727295,4.54,4.52,4.04,0.492,0.27027272727272944,0.5,0.47999999999999954,0.4140909090909097
2008-05-01,4.703,4.42215,4.74,4.6,4.2019047619,0.5010952381000005,0.2202452381000004,0.5380952381000004,0.3980952380999998,0.3731452381000002
2008-06-01,5.106,4.79161904761905,5.17,4.96,4.5204761905,0.5855238094999997,0.27114285711904973,0.6495238094999998,0.4395238094999998,0.4320634920396831
2008-07-01,5.095,4.79786363636364,5.15,4.95,4.4904347826,0.6045652173999994,0.30742885376364004,0.6595652174,0.4595652173999998,0.4571864295212131
2008-08-01,4.814,4.55911764705882,4.87,4.69,4.2023809524,0.6116190475999996,0.35673669465881996,0.6676190475999997,0.48761904759999997,0.48532492995293985
2008-09-01,4.804,4.56833333333333,4.88,4.66,4.0940909091,0.7099090909000001,0.47424242423332963,0.7859090908999997,0.5659090909,0.5833535353444432
2008-10-01,4.78,4.466,4.93,4.56,3.8834782609,0.8965217391000002,0.5825217391000002,1.0465217390999997,0.6765217390999996,0.7185217391
2008-11-01,4.743,4.1468,5.09,4.35,3.5565,1.1865,0.5902999999999996,1.5334999999999996,0.7934999999999994,0.8567666666666663
2008-12-01,4.469,3.85817647058824,5.08,4.01,3.0478947368,1.4211052632000003,0.8102817337882402,2.0321052632,0.9621052631999998,1.0644974200627468
2009-01-01,4.621,4.14584210526316,5.6,4.32,3.070952381,1.5500476190000003,1.0748897242631599,2.5290476189999995,1.2490476190000002,1.2913283207543869
2009-02-01,4.536,4.23355,5.7,4.52,3.1275,1.4084999999999996,1.1060500000000002,2.5725000000000002,1.3924999999999996,1.30235
2009-03-01,4.458,4.05876190476191,5.87,4.68,3.0195454545,1.4384545455000004,1.0392164502619106,2.8504545455000003,1.6604545455,1.379375180420637
2009-04-01,4.356,4.00575,5.5,4.53,3.133,1.2229999999999999,0.8727499999999999,2.367,1.3970000000000002,1.16425
2009-05-01,4.415,4.05425,5.22,4.29,3.371,1.044,0.6832499999999997,1.8489999999999998,0.919,0.8820833333333332
2009-06-01,4.606,4.23504545454546,5.33,4.5,3.4736363636,1.1323636364,0.7614090909454605,1.8563636364000002,1.0263636364000002,0.9733787879151535
2009-07-01,4.373,4.01195652173913,4.89,4.25,3.337826087,1.0351739130000004,0.6741304347391299,1.5521739129999998,0.9121739130000002,0.8738260869130435
2009-08-01,4.116,3.7783809523809504,4.52,3.95,3.3052380952,0.8107619047999997,0.4731428571809504,1.2147619047999996,0.6447619048000002,0.6428888889269834
2009-09-01,4.088,3.8032272727272702,4.56,3.93,3.2631818182,0.8248181818,0.5400454545272702,1.2968181817999995,0.6668181818000001,0.6772272727090901
2009-10-01,4.101,3.7710909090909106,4.57,3.85,3.2090909091,0.8919090909,0.5619999999909107,1.3609090909000003,0.6409090909000001,0.698272727263637
2009-11-01,4.057,3.7895238095238097,4.84,3.8,3.2171428571,0.8398571429000006,0.5723809524238099,1.6228571429,0.5828571429,0.6650317460746035
2009-12-01,4.007,3.8042,5.49,3.91,3.1385,0.8684999999999996,0.6656999999999997,2.3515,0.7715000000000001,0.7685666666666665
2010-01-01,4.078,3.98865,6.02,4.17,3.2575,0.8205000000000005,0.73115,2.7624999999999997,0.9125000000000001,0.8213833333333335
2010-02-01,4.047,3.9781,6.46,4.56,3.17,0.8769999999999998,0.8081,3.29,1.3899999999999997,1.0250333333333332
2010-03-01,3.945,3.8304782608695698,6.24,4.31,3.102173913,0.8428260869999997,0.7283043478695697,3.137826087,1.2078260869999995,0.9263188406231896
2010-04-01,3.996,3.90142105263158,7.83,4.78,3.0645,0.9315000000000002,0.8369210526315802,4.7655,1.7155000000000005,1.1613070175438602
2010-05-01,3.985,4.08414285714286,7.97,5.02,2.7342857143,1.2507142857,1.3498571428428598,5.2357142857,2.2857142856999997,1.6287619047476198
2010-06-01,4.102,4.5555,9.1,5.55,2.5431818182,1.5588181818000004,2.0123181818000004,6.5568181818,3.0068181818,2.1926515151333335
2010-07-01,4.026,4.43309090909091,10.34,5.49,2.6159090909,1.4100909091,1.8171818181909103,7.7240909091,2.8740909091000004,2.03378787879697
2010-08-01,3.802,4.03718181818182,10.7,5.31,2.35,1.452,1.6871818181818203,8.35,2.9599999999999995,2.0330606060606065
2010-09-01,3.862,4.09463636363636,11.34,6.08,2.3004545455,1.5615454545,1.7941818181363596,9.0395454545,3.7795454545,2.3784242423787867
2010-10-01,3.8,4.03652380952381,9.57,6.05,2.3457142857,1.4542857142999996,1.6908095238238094,7.2242857143000005,3.7042857142999996,2.2831269841412696
2010-11-01,4.184,4.68590476190476,11.52,6.91,2.5327272727,1.6512727273000003,2.1531774892047597,8.987272727299999,4.3772727273,2.727240981268254
2010-12-01,4.603,5.3743809523809505,12.01,6.53,2.9147619048,1.6882380951999996,2.4596190475809503,9.0952380952,3.6152380952,2.5876984126603166
2011-01-01,4.729,5.37933333333333,11.73,6.95,3.0166666667,1.7123333333000001,2.36266666663333,8.7133333333,3.9333333333000002,2.6694444444111105
2011-02-01,4.736,5.2578,11.4,7.34,3.199,1.537,2.0587999999999997,8.201,4.141,2.578933333333333
2011-03-01,4.875,5.2494347826087,12.44,7.8,3.2117391304,1.6632608696000002,2.0376956522086997,9.2282608696,4.5882608696,2.7630724638029
2011-04-01,4.841,5.32873684210526,13.86,9.19,3.3405263158,1.5004736842000002,1.9882105263052603,10.5194736842,5.8494736841999995,3.1127192982350866
2011-05-01,4.756,5.32218181818182,15.94,9.63,3.0609090909,1.6950909091000002,2.2612727272818196,12.8790909091,6.569090909100001,3.5084848484939406
2011-06-01,4.816,5.47986363636364,16.69,10.87,2.8909090909,1.9250909090999997,2.58895454546364,13.799090909100002,7.979090909099999,4.1643787878878795
2011-07-01,5.463,5.82485714285714,16.15,12.15,2.7438095238,2.7191904762,3.08104761905714,13.406190476199999,9.4061904762,5.068809523819048
2011-08-01,5.271,5.25234782608696,15.9,10.93,2.2134782609,3.0575217391,3.03886956518696,13.6865217391,8.7165217391,4.937637681128987
2011-09-01,5.746,5.20022727272727,17.78,11.34,1.8290909091,3.9169090909000004,3.37113636362727,15.950909090900002,9.5109090909,5.5996515151424235
2011-10-01,5.972,5.25133333333333,18.04,11.72,2.0023809524,3.9696190476000006,3.24895238093333,16.0376190476,9.717619047600001,5.6453968253777775
2011-11-01,7.057,6.19209090909091,17.92,11.89,1.8740909091,5.182909090900001,4.31799999999091,16.0459090909,10.015909090900001,6.50560606059697
2011-12-01,6.812,5.50452380952381,21.14,13.08,1.9276190476,4.884380952400001,3.5769047619238097,19.2123809524,11.1523809524,6.537888888907936
2012-01-01,6.537,5.3992857142857105,25.91,13.85,1.8209090909,4.7160909091,3.5783766233857106,24.0890909091,12.029090909099999,6.7745194805285704
2012-02-01,5.546,5.11109523809524,29.24,12.81,1.8519047619,3.6940952381,3.25919047619524,27.3880952381,10.9580952381,5.97046031746508
2012-03-01,5.049,5.16972727272727,19.06,13.01,1.8304545455,3.2185454545,3.3392727272272698,17.2295454545,11.1795454545,5.91245454540909
2012-04-01,5.676,5.79,21.48,12.01,1.6242105263,4.0517894737,4.1657894737,19.8557894737,10.3857894737,6.201122807033333
2012-05-01,5.783,6.12554545454545,26.9,11.59,1.3368181818,4.4461818182,4.78872727274545,25.5631818182,10.2531818182,6.4960303030484825
2012-06-01,5.904,6.58938095238095,27.82,10.56,1.3004761905,4.6035238095,5.28890476188095,26.5195238095,9.259523809500001,6.383984126960317
2012-07-01,5.996,6.795,25.82,10.49,1.2422727273,4.753727272700001,5.5527272727,24.5777272727,9.2477272727,6.518060606033334
2012-08-01,5.822,6.58128571428571,24.34,9.89,1.3417391304,4.4802608696,5.23954658388571,22.9982608696,8.5482608696,6.089356107695237
2012-09-01,5.254,5.9205,20.91,8.62,1.4905,3.7634999999999996,4.43,19.4195,7.129499999999999,5.107666666666667
2012-10-01,4.953,5.646590909090911,17.96,8.17,1.4669565217,3.4860434783,4.1796343873909105,16.493043478300002,6.7030434783,4.789573781330303
2012-11-01,4.851,5.690090909090911,17.2,8.32,1.3359090909,3.5150909091,4.354181818190911,15.8640909091,6.984090909100001,4.951121212130304
2012-12-01,4.542,5.33994444444444,13.33,7.25,1.2994117647,3.2425882352999995,4.04053267974444,12.0305882353,5.9505882353,4.411236383448146
2013-01-01,4.208,5.05027272727273,11.1,6.24,1.5122727273,2.6957272727,3.5379999999727296,9.5877272727,4.7277272727,3.65381818179091
2013-02-01,4.493,5.2183,10.95,6.4,1.5435,2.9495000000000005,3.6748000000000003,9.4065,4.8565000000000005,3.826933333333334
2013-03-01,4.64,4.92135,11.38,6.1,1.3545,3.2855,3.5668500000000005,10.025500000000001,4.7455,3.86595
2013-04-01,4.278,4.59109523809524,11.58,6.15,1.1961904762,3.0818095237999996,3.3949047618952397,10.3838095238,4.9538095238,3.81017460316508
2013-05-01,3.964,4.24631818181818,9.07,5.46,1.2940909091,2.6699090909,2.9522272727181798,7.775909090900001,4.1659090909,3.2626818181727266
2013-06-01,4.379,4.6707,10.07,6.3,1.5305,2.8484999999999996,3.1402,8.5395,4.7695,3.586066666666666
2013-07-01,4.418,4.66017391304348,10.53,6.87,1.5656521739,2.8523478261,3.09452173914348,8.9643478261,5.3043478261,3.7504057971144937
2013-08-01,4.419,4.50718181818182,10.01,6.6,1.735,2.6839999999999993,2.77218181818182,8.275,4.864999999999999,3.4403939393939393
2013-09-01,4.541,4.41690476190476,10.15,7.06,1.8880952381,2.6529047619000004,2.5288095238047603,8.2619047619,5.1719047619,3.4512063492015863
2013-10-01,4.248,4.21634782608696,8.74,6.33,1.762173913,2.4858260870000004,2.4541739130869598,6.977826087,4.567826087,3.1692753623623204
2013-11-01,4.095,4.10635,8.41,5.98,1.6771428571,2.4178571429,2.4292071429,6.7328571429,4.302857142900001,3.049973809566667
2013-12-01,4.114,4.13855,8.66,6.04,1.7977777778,2.3162222222,2.3407722222000005,6.8622222222,4.242222222200001,2.9664055555333335
2014-01-01,3.866,3.785,8.18,5.21,1.7559090909,2.1100909091,2.0290909091000002,6.4240909091,3.4540909091,2.5310909091
2014-02-01,3.651,3.56125,7.7,4.93,1.5585,2.0925,2.00275,6.141500000000001,3.3714999999999997,2.4889166666666664
2014-03-01,3.399,3.312,6.9,4.43,1.5085714286,1.8904285714,1.8034285713999998,5.3914285714000005,2.9214285714,2.2050952380666664
2014-04-01,3.228,3.10415,6.2,3.82,1.4565,1.7715000000000003,1.6476500000000003,4.7435,2.3635,1.92755
2014-05-01,3.123,2.93342857142857,6.38,3.66,1.3271428571,1.7958571429000003,1.60628571432857,5.0528571429,2.3328571429,1.9116666667095235
2014-06-01,2.92,2.71247619047619,5.93,3.5,1.2642857143,1.6557142857,1.4481904761761901,4.6657142857,2.2357142857000003,1.7798730158587304
2014-07-01,2.794,2.671,6.1,3.69,1.1143478261,1.6796521739,1.5566521738999999,4.9856521739,2.5756521739,1.9373188405666666
2014-08-01,2.633,2.4194,6.09,3.47,0.9561904762,1.6768095238,1.4632095238,5.1338095238,2.5138095238,1.8846095238
2014-09-01,2.4,2.19604545454545,5.89,3.18,0.9213636364,1.4786363636,1.27468181814545,4.9686363636,2.2586363636,1.67065151511515
2014-10-01,2.424,2.11130434782609,7.26,3.21,0.7909090909,1.6330909090999999,1.3203952569260902,6.4690909091,2.4190909091,1.79085902504203
2014-11-01,2.29,2.07055,8.1,3.13,0.719,1.5710000000000002,1.35155,7.380999999999999,2.411,1.7778500000000002
2014-12-01,1.99,1.78536842105263,8.42,2.81,0.5889473684,1.4010526316,1.19642105265263,7.8310526316,2.2210526316,1.6061754386175433
2015-01-01,1.702,1.54209523809524,9.48,2.49,0.39,1.3119999999999998,1.15209523809524,9.09,2.1,1.52136507936508
2015-02-01,1.557,1.5131,9.72,2.32,0.302,1.255,1.2110999999999998,9.418000000000001,2.018,1.4947
2015-03-01,1.294,1.22581818181818,10.52,1.74,0.2272727273,1.0667272727000001,0.9985454545181799,10.292727272699999,1.5127272727,1.1926666666393935
2015-04-01,1.357,1.31275,12.0,1.87,0.122,1.2349999999999999,1.19075,11.878,1.7480000000000002,1.39125
2015-05-01,1.812,1.77063157894737,10.95,2.41,0.5557894737,1.2562105263,1.2148421052473701,10.3942105263,1.8542105263000002,1.4417543859491235
2015-06-01,2.199,2.23395454545455,11.43,2.93,0.7927272727,1.4062727272999997,1.44122727275455,10.6372727273,2.1372727273,1.661590909118183
2015-07-01,2.042,2.10069565217391,,2.74,0.71,1.3319999999999999,1.39069565217391,,2.0300000000000002,1.58423188405797
2015-08-01,1.839,1.9497619047619,10.26,2.52,0.6085714286,1.2304285714,1.3411904761618998,9.6514285714,1.9114285714,1.4943492063206332
2015-09-01,1.92,2.0307727272727294,8.54,2.59,0.6540909091,1.2659090909,1.3766818181727294,7.885909090899999,1.9359090908999999,1.5261666666575764
2015-10-01,1.696,1.72818181818182,7.81,2.41,0.5181818182,1.1778181818,1.20999999998182,7.2918181818,1.8918181818000002,1.4265454545272735
2015-11-01,1.57,1.72766666666667,7.41,2.57,0.5161904762,1.0538095238,1.21147619046667,6.8938095238,2.0538095238,1.43969841268889
2015-12-01,1.579,1.68561904761905,8.21,2.49,0.5455,1.0335,1.14011904761905,7.664500000000001,1.9445000000000001,1.37270634920635
2016-01-01,1.534,1.72795,9.08,2.71,0.4305,1.1035,1.29745,8.6495,2.2795,1.5601500000000001
2016-02-01,1.558,1.72352380952381,10.41,3.23,0.1728571429,1.3851428571,1.5506666666238098,10.2371428571,3.0571428571,1.9976507936079368
2016-03-01,1.375,1.5507619047619,9.12,2.84,0.1714285714,1.2035714286,1.3793333333618998,8.9485714286,2.6685714286,1.7504920635206334
2016-04-01,1.442,1.51352380952381,9.03,3.13,0.1342857143,1.3077142857,1.37923809522381,8.895714285699999,2.9957142857,1.8942222222079366
2016-05-01,1.526,1.5665,7.64,3.15,0.1328571429,1.3931428571,1.4336428571,7.5071428571,3.0171428571,1.947976190433333
2016-06-01,1.453,1.47995454545455,7.92,3.2,-0.0168181818,1.4698181818,1.49677272725455,7.9368181818,3.2168181818000003,2.0611363636181834
2016-07-01,1.227,1.16909523809524,7.99,3.06,-0.1542857143,1.3812857143000001,1.32338095239524,8.1442857143,3.2142857143,1.9729841269984132
2016-08-01,1.176,1.01430434782609,8.19,2.91,-0.1317391304,1.3077391304,1.14604347822609,8.3217391304,3.0417391304000003,1.8318405796753634
2016-09-01,1.266,1.04090909090909,8.34,3.26,-0.0840909091,1.3500909091,1.1250000000090898,8.4240909091,3.3440909090999997,1.9397272727363635
2016-10-01,1.45,1.07261904761905,8.33,3.33,0.002,1.448,1.07061904761905,8.328,3.3280000000000003,1.9488730158730168
2016-11-01,1.943,1.42381818181818,7.33,3.51,0.1890909091,1.7539090909000001,1.2347272727181802,7.1409090909,3.3209090909,2.1031818181727266
2016-12-01,1.886,1.43666666666667,6.94,3.74,0.2519047619,1.6340952381,1.18476190476667,6.688095238100001,3.4880952381,2.1023174603222237
2017-01-01,1.991,1.46631818181818,7.04,3.95,0.2509090909,1.7400909091,1.21540909091818,6.7890909091000005,3.6990909091,2.21819696970606
2017-02-01,2.352,1.703,7.52,4.04,0.258,2.094,1.445,7.262,3.782,2.4403333333333332
2017-03-01,2.401,1.71752173913043,7.17,3.99,0.3482608696,2.0527391304,1.36926086953043,6.8217391304,3.6417391304000004,2.3545797101101438
2017-04-01,2.257,1.61777777777778,6.7,3.77,0.2255555556,2.0314444444,1.39222222217778,6.4744444444,3.5444444444,2.32270370365926
2017-05-01,2.194,1.56840909090909,5.86,3.29,0.3363636364,1.8576363636,1.23204545450909,5.5236363636000005,2.9536363636000003,2.01443939390303
2017-06-01,2.053,1.45231818181818,5.76,2.97,0.2504761905,1.8025238095,1.2018419913181801,5.5095238095,2.7195238095,1.9079632034393932
2017-07-01,2.231,1.59780952380952,5.33,3.03,0.4557142857,1.7752857142999998,1.14209523810952,4.8742857143,2.5742857142999997,1.83055555556984
2017-08-01,2.11,1.48486363636364,5.55,2.83,0.3460869565,1.7639130434999999,1.13877667986364,5.2039130435,2.4839130435000003,1.7955342556212133
2017-09-01,2.109,1.54128571428571,5.56,2.63,0.3471428571,1.7618571429,1.19414285718571,5.2128571429,2.2828571428999997,1.74628571432857
2017-10-01,2.074,1.61468181818182,5.59,2.32,0.3725,1.7014999999999998,1.24218181818182,5.2175,1.9474999999999998,1.63039393939394
2017-11-01,1.789,1.48877272727273,5.22,1.98,0.3081818182,1.4808181818,1.18059090907273,4.911818181799999,1.6718181818,1.44440909089091
2017-12-01,1.795,1.44163157894737,4.44,1.83,0.2968421053,1.4981578946999998,1.14478947364737,4.143157894700001,1.5331578947,1.3920350876824568
2018-01-01,1.984,1.47386363636364,3.79,1.85,0.4745454545,1.5094545455,0.9993181818636399,3.3154545455,1.3754545455,1.29474242428788
2018-02-01,2.081,1.5178,4.14,2.03,0.659,1.422,0.8588,3.481,1.3709999999999998,1.2172666666666665
2018-03-01,1.965,1.34961904761905,4.27,1.79,0.5295238095,1.4354761905000002,0.8200952381190499,3.7404761904999995,1.2604761905,1.1720158730396835
2018-04-01,1.773,1.2183,4.04,1.66,0.48,1.293,0.7383,3.56,1.18,1.0704333333333331
2018-05-01,2.18,1.38581818181818,4.29,1.84,0.45,1.7300000000000002,0.9358181818181801,3.84,1.3900000000000001,1.3519393939393936
2018-06-01,2.744,1.37290476190476,4.39,1.87,0.3271428571,2.4168571429,1.0457619048047602,4.0628571428999996,1.5428571429,1.66849206353492
2018-07-01,2.643,1.31754545454545,3.88,1.76,0.2745454545,2.3684545454999997,1.04300000004545,3.6054545454999998,1.4854545455000001,1.6323030303484831
2018-08-01,3.161,1.37239130434783,4.18,1.82,0.2908695652,2.8701304348,1.08152173914783,3.8891304347999998,1.5291304348,1.8269275362492767
2018-09-01,2.959,1.4418,4.17,1.88,0.3705,2.5885000000000002,1.0713,3.7995,1.5094999999999998,1.7230999999999999
2018-10-01,3.469,1.5735652173913,4.37,1.96,0.3990909091,3.0699090909,1.1744743082913,3.9709090909,1.5609090909,1.9350974966971
2018-11-01,3.39,1.58240909090909,4.42,1.91,0.3140909091,3.0759090909,1.26831818180909,4.1059090909,1.5959090909,1.9800454545363635
2018-12-01,2.975,1.42621052631579,4.28,1.71,0.1870588235,2.7879411765,1.2391517028157901,4.0929411765,1.5229411765,1.8500113519385966
2019-01-01,2.77,1.37877272727273,4.21,1.67,0.1327272727,2.6372727273,1.24604545457273,4.0772727273,1.5372727273,1.8068636363909103
2019-02-01,2.812,1.28095,3.84,1.55,0.0555,2.7565,1.22545,3.7845,1.4945,1.8254833333333333
2019-03-01,2.69,1.12685714285714,3.76,1.32,0.010952381,2.679047619,1.1159047618571398,3.7490476189999997,1.309047619,1.7013333332857135
2019-04-01,2.618,1.0623,3.42,1.18,-0.0395,2.6574999999999998,1.1018000000000001,3.4595,1.2195,1.6596
2019-05-01,2.644,0.879681818181818,3.37,1.02,-0.1345454545,2.7785454545,1.014227272681818,3.5045454545,1.1545454545,1.649106060560606
2019-06-01,2.284,0.4994,2.67,0.59,-0.3152631579,2.5992631579,0.8146631579,2.9852631579,0.9052631578999999,1.4397298245666665
2019-07-01,1.654,0.355130434782609,2.16,0.44,-0.3882608696,2.0422608695999998,0.743391304382609,2.5482608696,0.8282608696,1.204637681194203
2019-08-01,1.404,0.141772727272727,1.98,0.17,-0.6490909091,2.0530909091,0.790863636372727,2.6290909091,0.8190909091,1.2210151515242422
2019-09-01,0.902,0.183380952380952,1.5,0.2,-0.5947619048,1.4967619048,0.778142857180952,2.0947619048,0.7947619048000001,1.0232222222603173
2019-10-01,1.004,0.202521739130435,1.34,0.19,-0.4695454545,1.4735454545,0.672067193630435,1.8095454545,0.6595454545,0.9350527008768116
2019-11-01,1.266,0.384952380952381,1.36,0.35,-0.3523809524,1.6183809524,0.737333333352381,1.7123809524000002,0.7023809524,1.019365079384127
2019-12-01,1.37,0.4365,1.42,0.41,-0.2994444444,1.6694444444,0.7359444444000001,1.7194444443999999,0.7094444444,1.0382777777333334
2020-01-01,1.275,0.418863636363636,1.34,0.37,-0.3136363636,1.5886363636,0.732499999963636,1.6536363636,0.6836363636,1.0015909090545454
2020-02-01,0.955,0.2742,1.07,0.25,-0.466,1.421,0.7402,1.536,0.716,0.9590666666666667
2020-03-01,1.551,0.509318181818182,1.97,0.71,-0.5413636364,2.0923636364,1.050681818218182,2.5113636364,1.2513636363999998,1.464803030339394
2020-04-01,1.799,0.8217,2.05,0.97,-0.4495,2.2485,1.2711999999999999,2.4995,1.4195,1.6463999999999999
2020-05-01,1.762,0.747809523809524,1.93,0.81,-0.5165,2.2785,1.264309523809524,2.4465,1.3265,1.6231031746031748
2020-06-01,1.455,0.517090909090909,1.32,0.53,-0.4342857143,1.8892857143000001,0.9513766233909091,1.7542857143000001,0.9642857143000001,1.268316017330303
2020-07-01,1.196,0.376608695652174,1.14,0.4,-0.5230434783,1.7190434783,0.8996521739521739,1.6630434782999999,0.9230434783,1.1805797101840578
2020-08-01,1.032,0.301,1.08,0.36,-0.5233333333,1.5553333333000001,0.8243333333,1.6033333333000002,0.8833333333,1.0876666666333334
2020-09-01,0.981,0.280681818181818,1.08,0.32,-0.5240909091,1.5050909091,0.8047727272818179,1.6040909091,0.8440909091,1.0513181818272725
2020-10-01,0.77,0.170181818181818,0.9,0.18,-0.6072727273,1.3772727273,0.777454545481818,1.5072727273000002,0.7872727273,0.9806666666939393
2020-11-01,0.664,0.0940952380952381,0.75,0.07,-0.6147619048,1.2787619048,0.7088571428952382,1.3647619048,0.6847619048,0.8907936508317461
2020-12-01,0.578,0.0421818181818182,0.63,0.03,-0.6185,1.1965,0.6606818181818183,1.2485,0.6485000000000001,0.8352272727272728
2021-01-01,0.616,0.07825,0.65,0.03,-0.5835,1.1995,0.6617500000000001,1.2335,0.6135,0.8249166666666667
2021-02-01,0.59,0.22555,0.81,0.16,-0.4455,1.0354999999999999,0.67105,1.2555,0.6055,0.7706833333333334
2021-03-01,0.704,0.309608695652174,0.91,0.23,-0.3647826087,1.0687826086999999,0.6743913043521741,1.2747826087,0.5947826087,0.779318840584058
2021-04-01,0.797,0.36725,0.88,0.35,-0.325,1.122,0.69225,1.205,0.675,0.8297500000000001
2021-05-01,0.984,0.516571428571429,0.99,0.53,-0.2235,1.2075,0.740071428571429,1.2135,0.7535000000000001,0.900357142857143
2021-06-01,0.875,0.4455,0.81,0.43,-0.2886363636,1.1636363636,0.7341363636,1.0986363636,0.7186363635999999,0.8721363636
2021-07-01,0.748,0.332772727272727,0.7,0.27,-0.4513636364,1.1993636364,0.784136363672727,1.1513636364,0.7213636364,0.9016212121575756
2021-08-01,0.628,0.218227272727273,0.59,0.14,-0.5386363636,1.1666363636,0.7568636363272729,1.1286363636,0.6786363636,0.8673787878424243
2021-09-01,0.777,0.330272727272727,0.8,0.26,-0.3627272727,1.1397272727,0.692999999972727,1.1627272727,0.6227272727,0.8184848484575756
2021-10-01,0.955,0.471,0.96,0.39,-0.2042857143,1.1592857143,0.6752857143,1.1642857143,0.5942857143,0.8096190476333334
2021-11-01,1.01,0.476681818181818,1.22,0.39,-0.3136363636,1.3236363636,0.790318181781818,1.5336363635999999,0.7036363636,0.939196969660606
2021-12-01,1.047,0.413318181818182,1.29,0.36,-0.3842857143,1.4312857143,0.7976038961181819,1.6742857143,0.7442857143,0.9910584415727274
2022-01-01,1.346,0.66452380952381,1.62,0.58,-0.1147619048,1.4607619048,0.77928571432381,1.7347619048,0.6947619048,0.9782698413079367
2022-02-01,1.794,1.11215,2.46,1.06,0.15,1.6440000000000001,0.96215,2.31,0.91,1.17205
2022-03-01,1.854,1.22534782608696,2.61,1.16,0.2817391304,1.5722608696,0.9436086956869599,2.3282608696,0.8782608695999999,1.1313768116289866
2022-04-01,2.436,1.68947368421053,2.89,1.76,0.7463157895,1.6896842104999998,0.94315789471053,2.1436842105,1.0136842105000001,1.21550877190351
2022-05-01,2.99,2.05136363636364,3.54,2.14,0.9527272727,2.0372727273000004,1.0986363636636398,2.5872727273000002,1.1872727273,1.44106060608788
2022-06-01,3.635,2.6485,3.93,2.65,1.445,2.1899999999999995,1.2034999999999998,2.4850000000000003,1.2049999999999998,1.5328333333333333
2022-07-01,3.359,2.3332380952381,3.38,2.26,1.0819047619,2.2770952381000003,1.2513333333381003,2.2980952381,1.1780952380999998,1.5688412698460334
2022-08-01,3.297,2.1758695652173894,3.46,2.16,1.0343478261,2.2626521739000003,1.1415217391173893,2.4256521738999997,1.1256521739,1.5099420289724632
2022-09-01,4.138,2.95204545454545,4.44,2.89,1.7954545455,2.3425454544999997,1.1565909090454503,2.6445454545000002,1.0945454545000002,1.5312272726818168
2022-10-01,4.532,3.31419047619048,4.87,3.26,2.1866666667,2.3453333333,1.12752380949048,2.6833333333000002,1.0733333333,1.5153968253634933
2022-11-01,4.243,3.105,4.42,3.02,2.0663636364,2.1766363636,1.0386363635999998,2.3536363635999997,0.9536363635999998,1.3896363636
2022-12-01,4.257,3.111,4.22,3.1,2.0852380952,2.1717619048,1.0257619048000004,2.1347619048,1.0147619048000003,1.4040952381333334
2023-01-01,4.243,3.22263636363636,4.29,3.13,2.1927272727,2.0502727273000003,1.0299090909363602,2.0972727273,0.9372727272999999,1.3391515151787867
2023-02-01,4.27,3.3891,4.26,3.27,2.3705,1.8994999999999997,1.0186000000000002,1.8895,0.8995000000000002,1.2725333333333333
2023-03-01,4.24,3.44308695652174,4.29,3.27,2.3834782609,1.8565217391000002,1.05960869562174,1.9065217391,0.8865217391,1.2675507246072468
2023-04-01,4.234,3.40816666666667,4.22,3.2,2.3594444444,1.8745555556000002,1.0487222222666701,1.8605555556,0.8405555556000004,1.254611111155557
2023-05-01,4.313,3.4137272727272694,3.98,3.16,2.3422727273,1.9707272726999996,1.0714545454272693,1.6377272726999998,0.8177272727,1.2866363636090896
2023-06-01,4.074,3.40422727272727,3.71,3.09,2.3763636364,1.6976363636,1.0278636363272704,1.3336363636000002,0.7136363636,1.1463787878424234
2023-07-01,4.157,3.49738095238095,3.85,3.23,2.4566666667,1.7003333333000001,1.04071428568095,1.3933333333000002,0.7733333333000001,1.1714603174269833
2023-08-01,4.221,3.58721739130435,3.88,3.31,2.5456521739,1.6753478260999999,1.04156521740435,1.3343478260999997,0.7643478260999998,1.1604202898681166
2023-09-01,4.513,3.72090476190476,4.08,3.45,2.6614285714,1.8515714285999998,1.05947619050476,1.4185714286,0.7885714286000001,1.23320634923492
2023-10-01,4.885,3.9512272727272704,4.3,3.59,2.8231818182,2.0618181817999996,1.1280454545272702,1.4768181817999997,0.7668181817999997,1.3188939393757566
2023-11-01,4.428,3.6594090909090897,3.88,3.3,2.6013636364,1.8266363636,1.0580454545090898,1.2786363636,0.6986363635999999,1.19443939390303
2023-12-01,3.821,3.141,3.28,2.85,2.1021052632,1.7188947368000003,1.0388947368,1.1778947368,0.7478947368000002,1.168561403466667
2024-01-01,3.811,3.18595454545455,3.29,2.97,2.1745454545,1.6364545455,1.0114090909545501,1.1154545455,0.7954545455000002,1.1477727273181835
2024-02-01,3.872,3.2725238095238094,3.45,3.06,2.3319047619,1.5400952380999997,0.9406190476238092,1.1180952381,0.7280952380999999,1.0696031746079362
2024-03-01,3.696,3.1896,3.37,3.02,2.3495,1.3465000000000003,0.8401000000000001,1.0205000000000002,0.6705000000000001,0.9523666666666668
2024-04-01,3.856,3.2815238095238106,3.49,3.13,2.4457142857,1.4102857143,0.8358095238238108,1.0442857143000004,0.6842857143000001,0.976793650807937
2024-05-01,3.844,3.29891304347826,3.55,3.16,2.5195454545,1.3244545455,0.7793675889782601,1.0304545455,0.6404545455000004,0.9147588933260868
2024-06-01,3.942,3.35605,3.65,3.19,2.4845,1.4575,0.87155,1.1654999999999998,0.7054999999999998,1.0115166666666666
2024-07-01,3.83,3.28039130434783,3.5,3.1,2.4582608696,1.3717391304,0.8221304347478298,1.0417391303999999,0.6417391304,0.9452028985159432
2024-08-01,3.682,3.07104545454545,3.31,2.88,2.2077272727,1.4742727272999998,0.8633181818454498,1.1022727273,0.6722727272999998,1.0032878788151498
2024-09-01,3.565,2.99566666666667,3.19,2.78,2.1671428571,1.3978571429,0.8285238095666698,1.0228571429,0.6128571428999998,0.9464126984555565
2024-10-01,3.501,2.96760869565217,3.16,2.73,2.2295652174,1.2714347826,0.7380434782521701,0.9304347826000003,0.5004347826000002,0.8366376811507235
2024-11-01,3.569,3.05561904761905,3.19,2.79,2.3057142857,1.2632857142999998,0.74990476191905,0.8842857142999998,0.4842857142999999,0.8324920635063499
2024-12-01,3.321,2.89065,3.05,2.68,2.1788888889,1.1421111111000002,0.7117611111,0.8711111110999998,0.5011111111000002,0.7849944444333334
2025-01-01,3.676,3.17318181818182,3.35,2.96,2.4836363636,1.1923636364,0.68954545458182,0.8663636364,0.4763636363999999,0.7860909091272733
2025-02-01,3.575,3.09985,3.29,2.95,2.4055,1.1695000000000002,0.69435,0.8845000000000001,0.5445000000000002,0.8027833333333335
2025-03-01,3.887,3.38919047619048,3.6,3.29,2.7414285714,1.1455714285999998,0.6477619047904799,0.8585714285999999,0.5485714285999999,0.7806349206634932
2025-04-01,3.712,3.2291,3.44,3.11,2.5105,1.2015000000000002,0.7185999999999999,0.9295,0.5994999999999999,0.8398666666666667
2025-05-01,3.629,3.2089090909090894,3.37,3.08,2.5628571429,1.0661428571,0.6460519480090894,0.8071428571000001,0.5171428571000001,0.7431125540696965
2025-06-01,3.501,3.16742857142857,3.29,3.02,2.519047619,0.9819523809999997,0.6483809524285697,0.7709523809999999,0.5009523809999998,0.7104285714761898
2025-07-01,3.537,3.24308695652174,3.36,3.1,2.6313043478,0.9056956521999999,0.61178260872174,0.7286956521999999,0.4686956522000001,0.66205797104058
2025-08-01,3.538,3.25661904761905,3.37,3.12,2.6733333333,0.8646666666999998,0.5832857143190502,0.6966666667000001,0.4466666667000001,0.6315396825730167
2025-09-01,3.559,3.26622727272727,3.39,3.13,2.6931818182,0.8658181818000004,0.5730454545272701,0.6968181818000003,0.4368181818000001,0.6252272727090902
2025-10-01,3.442,3.15139130434783,3.3,3.02,2.617826087,0.8241739130000001,0.5335652173478298,0.6821739129999997,0.40217391299999994,0.5866376811159433
2025-11-01,3.459,3.1788,3.3,3.02,2.6575,0.8014999999999999,0.5212999999999997,0.6424999999999996,0.3624999999999998,0.5617666666666664
2025-12-01,3.552,3.27190476190476,3.44,3.14,2.8142105263,0.7377894736999999,0.45769423560475975,0.6257894736999998,0.3257894737,0.5070910610015865
2026-01-01,3.492,3.2692380952381,3.42,3.19,2.8066666667,0.6853333333,0.4625714285381002,0.6133333333,0.38333333329999997,0.5104126983793668
2026-02-01,3.388,3.1826,3.39,3.13,2.745,0.6429999999999998,0.43759999999999977,0.645,0.3849999999999998,0.4885333333333331
2026-03-01,3.733,3.38577272727273,3.71,3.37,2.91,0.823,0.4757727272727297,0.7999999999999998,0.45999999999999996,0.5862575757575765
2026-04-01,3.818,3.4491,3.78,3.43,3.001,0.8170000000000002,0.44810000000000016,0.7789999999999999,0.42900000000000027,0.5647000000000002
2026-05-01,3.839,3.48225,3.75,3.42,3.0465,0.7925,0.4357500000000001,0.7035,0.37349999999999994,0.5339166666666667
2026-06-01,3.734,3.42119047619048,3.65,,2.97,0.7639999999999998,0.4511904761904799,0.6799999999999997,,0.6075952380952399
